site_id,pixel_id
0,182
0,206
0,207
0,208
0,209
0,210
0,211
0,212
0,231
0,232
0,233
0,234
0,235
0,236
0,237
0,238
0,239
0,260
0,261
0,262
0,263
0,264
0,265
0,266
0,267
0,268
0,287
0,288
0,289
0,290
0,291
0,292
0,293
0,294
0,295
0,315
0,316
0,317
0,318
0,319
0,320
0,321
0,322
0,323
0,324
0,325
0,346
0,347
0,348
0,349
0,350
0,351
0,352
0,353
0,354
0,374
0,375
0,376
0,377
0,378
0,379
0,380
0,381
0,382
0,405
0,406
0,407
0,408
0,409
0,410
0,411
0,412
0,413
0,437
0,438
0,439
0,440
0,441
0,442
0,443
0,473
1,368
1,396
1,397
1,398
1,399
1,400
1,401
1,402
1,427
1,428
1,429
1,430
1,431
1,432
1,433
1,434
1,460
1,461
1,462
1,463
1,464
1,465
1,466
1,467
1,491
1,492
1,493
1,494
1,495
1,496
1,497
1,521
1,522
1,523
1,524
1,525
1,526
1,527
1,528
1,551
1,552
1,553
1,554
1,555
1,556
1,557
1,582
1,583
1,584
1,585
1,586
1,587
1,588
1,613
1,614
1,615
1,616
1,617
1,618
1,619
1,645
1,646
1,647
1,648
1,649
1,676
2,390
2,391
2,392
2,393
2,394
2,421
2,422
2,423
2,424
2,425
2,426
2,452
2,453
2,454
2,455
2,456
2,457
2,458
2,459
2,485
2,486
2,487
2,488
2,489
2,490
2,514
2,515
2,516
2,517
2,518
2,519
2,520
2,545
2,546
2,547
2,548
2,549
2,550
2,575
2,576
2,577
2,578
2,579
2,580
2,581
2,606
2,607
2,608
2,609
2,610
2,611
2,612
2,638
2,639
2,640
2,641
2,642
2,643
2,644
2,672
3,3
3,4
3,5
3,6
3,12
3,13
3,14
3,15
3,16
3,30
3,31
3,32
3,33
3,34
3,35
3,36
3,55
3,56
3,57
3,58
3,59
3,60
3,61
3,62
3,63
3,87
3,88
3,89
3,90
3,91
3,92
3,93
3,121
4,461
4,491
4,492
4,493
4,494
4,521
4,522
4,523
4,524
4,525
4,551
4,552
4,553
4,554
4,555
4,582
4,583
4,584
4,585
4,586
4,613
4,614
4,615
4,616
4,617
4,618
4,645
4,646
4,647
4,648
4,676
4,677
4,678
4,707
4,708
5,439
5,469
5,470
5,471
5,472
5,473
5,474
5,475
5,498
5,499
5,500
5,501
5,502
5,503
5,504
5,505
5,506
5,528
5,529
5,530
5,531
5,532
5,533
5,534
5,535
5,536
5,558
5,559
5,560
5,561
5,562
5,563
5,564
5,565
5,566
5,588
5,589
5,590
5,591
5,592
5,593
5,594
5,595
5,596
5,597
5,598
5,620
5,621
5,622
5,623
5,624
5,625
5,626
5,627
5,628
5,651
5,652
5,653
5,654
5,655
5,656
5,657
5,658
5,659
5,681
5,682
5,683
5,684
5,685
5,686
5,687
5,688
5,689
5,712
5,713
5,714
5,715
5,716
5,717
5,718
5,744
6,558
6,586
6,587
6,588
6,589
6,590
6,591
6,592
6,616
6,617
6,618
6,619
6,620
6,621
6,622
6,623
6,624
6,647
6,648
6,649
6,650
6,651
6,652
6,653
6,654
6,655
6,677
6,678
6,679
6,680
6,681
6,682
6,683
6,684
6,685
6,707
6,708
6,709
6,710
6,711
6,712
6,713
6,714
6,715
6,716
6,737
6,738
6,739
6,740
6,741
6,742
6,743
6,744
6,762
6,763
6,764
6,765
6,766
6,767
6,768
6,784
6,785
6,786
6,787
6,788
6,789
6,790
6,802
7,0
7,1
7,2
7,7
7,8
7,9
7,18
7,19
7,20
7,21
7,22
7,23
7,38
7,39
7,40
7,41
7,42
7,43
7,44
7,66
7,67
7,68
7,69
7,70
7,71
7,72
7,100
8,44
8,68
8,69
8,70
8,71
8,72
8,73
8,74
8,98
8,99
8,100
8,101
8,102
8,103
8,104
8,105
8,106
8,129
8,130
8,131
8,132
8,133
8,134
8,135
8,136
8,137
8,158
8,159
8,160
8,161
8,162
8,163
8,164
8,165
8,184
8,185
8,186
8,187
8,188
8,189
8,190
8,191
8,192
8,193
8,212
8,213
8,214
8,215
8,216
8,217
8,218
8,219
8,238
8,239
8,240
8,241
8,242
8,243
8,244
8,245
8,267
8,268
8,269
8,270
8,271
8,272
8,273
8,274
8,295
8,296
8,297
8,298
8,299
8,300
8,301
8,327
9,3
9,4
9,5
9,6
9,12
9,13
9,14
9,15
9,16
9,17
9,18
9,31
9,32
9,33
9,34
9,35
9,36
9,37
9,38
9,39
9,57
9,58
9,59
9,60
9,61
9,62
9,63
9,64
9,65
9,88
9,89
9,90
9,91
9,92
9,93
9,94
9,95
9,96
9,119
9,120
9,121
9,122
9,123
9,124
9,125
9,126
9,127
9,149
9,150
9,151
9,152
9,153
9,154
9,155
9,179
10,796
10,806
10,807
10,808
10,809
10,810
10,811
10,812
10,817
10,818
10,819
10,820
10,821
10,822
10,823
10,824
10,825
10,828
10,829
10,830
10,831
10,832
10,833
10,834
10,835
10,836
10,840
10,841
10,842
10,843
10,844
10,845
10,846
10,847
10,848
10,852
10,853
10,854
10,855
10,856
10,857
10,858
10,859
10,860
10,861
10,865
10,866
10,867
10,868
10,869
10,870
10,871
10,872
10,877
10,878
10,879
10,880
10,881
10,882
11,29
11,30
11,31
11,32
11,33
11,53
11,54
11,55
11,56
11,57
11,58
11,59
11,60
11,61
11,84
11,85
11,86
11,87
11,88
11,89
11,90
11,91
11,92
11,115
11,116
11,117
11,118
11,119
11,120
11,121
11,122
11,123
11,143
11,144
11,145
11,146
11,147
11,148
11,149
11,150
11,151
11,152
11,153
11,171
11,172
11,173
11,174
11,175
11,176
11,177
11,178
11,179
11,198
11,199
11,200
11,201
11,202
11,203
11,204
11,205
11,206
11,224
11,225
11,226
11,227
11,228
11,229
11,230
11,231
11,232
11,254
11,255
11,256
11,257
11,258
11,259
11,260
11,284
12,176
12,200
12,201
12,202
12,203
12,204
12,205
12,206
12,225
12,226
12,227
12,228
12,229
12,230
12,231
12,232
12,233
12,254
12,255
12,256
12,257
12,258
12,259
12,260
12,261
12,262
12,281
12,282
12,283
12,284
12,285
12,286
12,287
12,288
12,289
12,309
12,310
12,311
12,312
12,313
12,314
12,315
12,316
12,317
12,318
12,319
12,340
12,341
12,342
12,343
12,344
12,345
12,346
12,347
12,348
12,368
12,369
12,370
12,371
12,372
12,373
12,374
12,375
12,376
12,399
12,400
12,401
12,402
12,403
12,404
12,405
12,406
12,407
12,431
12,432
12,433
12,434
12,435
12,436
12,437
12,467
13,3
13,4
13,10
13,11
13,12
13,13
13,27
13,28
13,29
13,30
13,31
13,32
13,33
13,51
13,52
13,53
13,54
13,55
13,56
13,57
13,58
13,59
13,60
13,61
13,83
13,84
13,85
13,86
13,87
13,88
13,89
13,90
13,91
13,114
13,115
13,116
13,117
13,118
13,119
13,120
13,121
13,122
13,143
13,144
13,145
13,146
13,147
13,148
13,149
13,150
13,151
13,171
13,172
13,173
13,174
13,175
13,176
13,177
13,201
14,4
14,5
14,6
14,12
14,13
14,14
14,15
14,16
14,17
14,18
14,19
14,20
14,32
14,33
14,34
14,35
14,36
14,37
14,38
14,39
14,40
14,59
14,60
14,61
14,62
14,63
14,64
14,65
14,66
14,67
14,89
14,90
14,91
14,92
14,93
14,94
14,95
14,96
14,97
14,98
14,99
14,121
14,122
14,123
14,124
14,125
14,126
14,127
14,128
14,129
14,150
14,151
14,152
14,153
14,154
14,155
14,156
14,157
14,158
14,177
14,178
14,179
14,180
14,181
14,182
14,183
14,184
14,185
14,205
14,206
14,207
14,208
14,209
14,210
14,211
14,234
15,454
15,484
15,485
15,486
15,487
15,488
15,489
15,490
15,513
15,514
15,515
15,516
15,517
15,518
15,519
15,520
15,543
15,544
15,545
15,546
15,547
15,548
15,549
15,550
15,573
15,574
15,575
15,576
15,577
15,578
15,579
15,580
15,581
15,603
15,604
15,605
15,606
15,607
15,608
15,609
15,610
15,611
15,612
15,635
15,636
15,637
15,638
15,639
15,640
15,641
15,642
15,643
15,666
15,667
15,668
15,669
15,670
15,671
15,672
15,673
15,674
15,696
15,697
15,698
15,699
15,700
15,701
15,702
15,703
15,704
15,727
15,728
15,729
15,730
15,731
15,732
15,733
15,759
16,239
16,265
16,266
16,267
16,268
16,269
16,270
16,271
16,291
16,292
16,293
16,294
16,295
16,296
16,297
16,298
16,299
16,320
16,321
16,322
16,323
16,324
16,325
16,326
16,327
16,328
16,350
16,351
16,352
16,353
16,354
16,355
16,356
16,357
16,358
16,377
16,378
16,379
16,380
16,381
16,382
16,383
16,384
16,385
16,386
16,387
16,409
16,410
16,411
16,412
16,413
16,414
16,415
16,416
16,417
16,440
16,441
16,442
16,443
16,444
16,445
16,446
16,447
16,448
16,473
16,474
16,475
16,476
16,477
16,478
16,479
16,480
16,481
16,504
16,505
16,506
16,507
16,508
16,509
16,510
16,537
17,300
17,301
17,302
17,303
17,304
17,305
17,328
17,329
17,330
17,331
17,332
17,333
17,334
17,358
17,359
17,360
17,361
17,362
17,363
17,386
17,387
17,388
17,389
17,390
17,391
17,392
17,416
17,417
17,418
17,419
17,420
17,421
17,422
17,423
17,424
17,425
17,448
17,449
17,450
17,451
17,452
17,453
17,454
17,455
17,456
17,481
17,482
17,483
17,484
17,485
17,486
17,487
17,488
17,489
17,511
17,512
17,513
17,514
17,515
17,516
17,517
17,518
17,519
17,542
17,543
17,544
17,545
17,546
17,547
17,548
17,575
18,285
18,311
18,312
18,313
18,314
18,315
18,316
18,317
18,340
18,341
18,342
18,343
18,344
18,345
18,346
18,347
18,348
18,368
18,369
18,370
18,371
18,372
18,373
18,374
18,375
18,376
18,399
18,400
18,401
18,402
18,403
18,404
18,405
18,406
18,407
18,429
18,430
18,431
18,432
18,433
18,434
18,435
18,436
18,437
18,438
18,439
18,463
18,464
18,465
18,466
18,467
18,468
18,469
18,470
18,471
18,493
18,494
18,495
18,496
18,497
18,498
18,499
18,500
18,501
18,523
18,524
18,525
18,526
18,527
18,528
18,529
18,530
18,531
18,554
18,555
18,556
18,557
18,558
18,559
18,560
18,588
19,505
19,532
19,533
19,534
19,535
19,536
19,537
19,538
19,561
19,562
19,563
19,564
19,565
19,566
19,567
19,568
19,569
19,592
19,593
19,594
19,595
19,596
19,597
19,598
19,599
19,600
19,623
19,624
19,625
19,626
19,627
19,628
19,629
19,630
19,631
19,653
19,654
19,655
19,656
19,657
19,658
19,659
19,660
19,661
19,662
19,663
19,684
19,685
19,686
19,687
19,688
19,689
19,690
19,691
19,692
19,714
19,715
19,716
19,717
19,718
19,719
19,720
19,721
19,722
19,743
19,744
19,745
19,746
19,747
19,748
19,749
19,750
19,751
19,768
19,769
19,770
19,771
19,772
19,773
19,774
19,793
20,205
20,228
20,229
20,230
20,231
20,232
20,233
20,234
20,256
20,257
20,258
20,259
20,260
20,261
20,262
20,263
20,264
20,283
20,284
20,285
20,286
20,287
20,288
20,289
20,290
20,291
20,312
20,313
20,314
20,315
20,316
20,317
20,318
20,319
20,320
20,341
20,342
20,343
20,344
20,345
20,346
20,347
20,348
20,349
20,350
20,351
20,370
20,371
20,372
20,373
20,374
20,375
20,376
20,377
20,378
20,401
20,402
20,403
20,404
20,405
20,406
20,407
20,408
20,409
20,432
20,433
20,434
20,435
20,436
20,437
20,438
20,439
20,440
20,466
20,467
20,468
20,469
20,470
20,471
20,472
20,499
21,93
21,121
21,122
21,123
21,124
21,125
21,126
21,127
21,149
21,150
21,151
21,152
21,153
21,154
21,155
21,156
21,157
21,176
21,177
21,178
21,179
21,180
21,181
21,182
21,183
21,184
21,203
21,204
21,205
21,206
21,207
21,208
21,209
21,210
21,211
21,228
21,229
21,230
21,231
21,232
21,233
21,234
21,235
21,236
21,237
21,238
21,258
21,259
21,260
21,261
21,262
21,263
21,264
21,265
21,266
21,285
21,286
21,287
21,288
21,289
21,290
21,291
21,292
21,293
21,314
21,315
21,316
21,317
21,318
21,319
21,320
21,321
21,322
21,345
21,346
21,347
21,348
21,349
21,350
21,351
21,376
22,3
22,4
22,5
22,6
22,12
22,13
22,14
22,15
22,16
22,30
22,31
22,32
22,33
22,34
22,35
22,36
22,54
22,55
22,56
22,57
22,58
22,59
22,60
22,61
22,62
22,63
22,64
22,86
22,87
22,88
22,89
22,90
22,91
22,92
22,93
22,94
22,117
22,118
22,119
22,120
22,121
22,122
22,123
22,124
22,125
22,146
22,147
22,148
22,149
22,150
22,151
22,152
22,153
22,154
22,174
22,175
22,176
22,177
22,178
22,179
22,180
22,204
23,246
23,247
23,248
23,275
23,276
23,303
23,304
23,305
23,331
23,332
23,333
23,334
23,335
23,361
23,362
23,363
24,56
24,84
24,85
24,86
24,87
24,88
24,89
24,90
24,114
24,115
24,116
24,117
24,118
24,119
24,120
24,121
24,122
24,143
24,144
24,145
24,146
24,147
24,148
24,149
24,150
24,151
24,170
24,171
24,172
24,173
24,174
24,175
24,176
24,177
24,178
24,196
24,197
24,198
24,199
24,200
24,201
24,202
24,203
24,204
24,205
24,206
24,223
24,224
24,225
24,226
24,227
24,228
24,229
24,230
24,231
24,252
24,253
24,254
24,255
24,256
24,257
24,258
24,259
24,260
24,279
24,280
24,281
24,282
24,283
24,284
24,285
24,286
24,287
24,309
24,310
24,311
24,312
24,313
24,314
24,315
24,342
25,417
25,445
25,446
25,447
25,448
25,449
25,450
25,451
25,477
25,478
25,479
25,480
25,481
25,482
25,483
25,484
25,485
25,507
25,508
25,509
25,510
25,511
25,512
25,513
25,514
25,515
25,537
25,538
25,539
25,540
25,541
25,542
25,543
25,544
25,545
25,566
25,567
25,568
25,569
25,570
25,571
25,572
25,573
25,574
25,575
25,576
25,598
25,599
25,600
25,601
25,602
25,603
25,604
25,605
25,606
25,629
25,630
25,631
25,632
25,633
25,634
25,635
25,636
25,637
25,660
25,661
25,662
25,663
25,664
25,665
25,666
25,667
25,668
25,691
25,692
25,693
25,694
25,695
25,696
25,697
25,724
26,754
26,775
26,776
26,777
26,778
26,779
26,780
26,781
26,796
26,797
26,798
26,799
26,800
26,801
26,809
26,810
26,811
26,812
26,813
26,814
26,821
26,822
26,823
26,824
26,825
26,826
26,831
26,832
26,833
26,834
26,835
26,836
26,837
26,844
26,845
26,846
26,847
26,848
26,849
26,857
26,858
26,859
26,860
26,861
26,869
26,870
26,871
26,872
26,882
27,471
27,498
27,499
27,500
27,501
27,502
27,503
27,504
27,527
27,528
27,529
27,530
27,531
27,532
27,533
27,534
27,535
27,557
27,558
27,559
27,560
27,561
27,562
27,563
27,564
27,565
27,588
27,589
27,590
27,591
27,592
27,593
27,594
27,595
27,596
27,618
27,619
27,620
27,621
27,622
27,623
27,624
27,625
27,626
27,627
27,628
27,650
27,651
27,652
27,653
27,654
27,655
27,656
27,657
27,658
27,680
27,681
27,682
27,683
27,684
27,685
27,686
27,687
27,688
27,710
27,711
27,712
27,713
27,714
27,715
27,716
27,717
27,718
27,740
27,741
27,742
27,743
27,744
27,745
27,746
27,767
28,516
28,543
28,544
28,545
28,546
28,547
28,548
28,549
28,572
28,573
28,574
28,575
28,576
28,577
28,578
28,579
28,580
28,603
28,604
28,605
28,606
28,607
28,608
28,609
28,610
28,611
28,634
28,635
28,636
28,637
28,638
28,639
28,640
28,641
28,642
28,664
28,665
28,666
28,667
28,668
28,669
28,670
28,671
28,672
28,673
28,674
28,695
28,696
28,697
28,698
28,699
28,700
28,701
28,702
28,703
28,725
28,726
28,727
28,728
28,729
28,730
28,731
28,732
28,733
28,754
28,755
28,756
28,757
28,758
28,759
28,760
28,761
28,779
28,780
28,781
28,782
28,783
29,208
29,231
29,232
29,233
29,234
29,235
29,236
29,237
29,259
29,260
29,261
29,262
29,263
29,264
29,265
29,266
29,267
29,286
29,287
29,288
29,289
29,290
29,291
29,292
29,293
29,294
29,315
29,316
29,317
29,318
29,319
29,320
29,321
29,322
29,323
29,344
29,345
29,346
29,347
29,348
29,349
29,350
29,351
29,352
29,353
29,354
29,373
29,374
29,375
29,376
29,377
29,378
29,379
29,380
29,381
29,404
29,405
29,406
29,407
29,408
29,409
29,410
29,411
29,412
29,435
29,436
29,437
29,438
29,439
29,440
29,441
29,442
29,443
29,469
29,470
29,471
29,472
29,473
29,474
29,475
29,502
30,84
30,112
30,113
30,114
30,115
30,116
30,117
30,118
30,140
30,141
30,142
30,143
30,144
30,145
30,146
30,147
30,148
30,167
30,168
30,169
30,170
30,171
30,172
30,173
30,174
30,175
30,194
30,195
30,196
30,197
30,198
30,199
30,200
30,201
30,202
30,220
30,221
30,222
30,223
30,224
30,225
30,226
30,227
30,228
30,229
30,249
30,250
30,251
30,252
30,253
30,254
30,255
30,256
30,257
30,277
30,278
30,279
30,280
30,281
30,282
30,283
30,284
30,306
30,307
30,308
30,309
30,310
30,311
30,312
30,313
30,336
30,337
30,338
30,339
30,340
30,341
30,342
30,367
31,639
31,667
31,668
31,669
31,670
31,671
31,672
31,673
31,696
31,697
31,698
31,699
31,700
31,701
31,702
31,703
31,704
31,726
31,727
31,728
31,729
31,730
31,731
31,732
31,733
31,734
31,755
31,756
31,757
31,758
31,759
31,760
31,761
31,778
31,779
31,780
31,781
31,782
31,783
31,801
31,814
31,826
32,267
32,291
32,292
32,293
32,294
32,295
32,296
32,297
32,319
32,320
32,321
32,322
32,323
32,324
32,325
32,326
32,327
32,349
32,350
32,351
32,352
32,353
32,354
32,355
32,356
32,357
32,377
32,378
32,379
32,380
32,381
32,382
32,383
32,384
32,385
32,407
32,408
32,409
32,410
32,411
32,412
32,413
32,414
32,415
32,416
32,417
32,439
32,440
32,441
32,442
32,443
32,444
32,445
32,446
32,447
32,472
32,473
32,474
32,475
32,476
32,477
32,478
32,479
32,480
32,502
32,503
32,504
32,505
32,506
32,507
32,508
32,509
32,510
32,533
32,534
32,535
32,536
32,537
32,538
32,539
32,566
33,10
33,11
33,26
33,27
33,28
33,29
33,49
33,50
33,51
33,52
33,53
33,54
33,79
33,80
33,81
33,82
33,83
33,84
33,85
33,86
33,109
33,110
33,111
33,112
33,113
33,114
33,115
33,116
33,138
33,139
33,140
33,141
33,142
33,143
33,144
33,145
33,166
33,167
33,168
33,169
33,170
33,171
33,172
33,194
33,195
33,196
33,197
33,198
33,221
34,363
34,389
34,390
34,391
34,392
34,393
34,394
34,420
34,421
34,422
34,423
34,424
34,425
34,426
34,451
34,452
34,453
34,454
34,455
34,456
34,457
34,458
34,459
34,484
34,485
34,486
34,487
34,488
34,489
34,490
34,513
34,514
34,515
34,516
34,517
34,518
34,519
34,520
34,544
34,545
34,546
34,547
34,548
34,549
34,550
34,574
34,575
34,576
34,577
34,578
34,579
34,580
34,581
34,605
34,606
34,607
34,608
34,609
34,610
34,611
34,612
34,637
34,638
34,639
34,640
34,641
34,642
34,643
34,671
35,10
35,11
35,26
35,27
35,28
35,29
35,30
35,49
35,50
35,51
35,52
35,53
35,54
35,55
35,56
35,57
35,79
35,80
35,81
35,82
35,83
35,84
35,85
35,86
35,87
35,88
35,89
35,111
35,112
35,113
35,114
35,115
35,116
35,117
35,118
35,119
35,140
35,141
35,142
35,143
35,144
35,145
35,146
35,147
35,148
35,167
35,168
35,169
35,170
35,171
35,172
35,173
35,174
35,175
35,195
35,196
35,197
35,198
35,199
35,200
35,201
35,224
36,0
36,1
36,2
36,7
36,8
36,9
36,18
36,19
36,20
36,21
36,22
36,23
36,38
36,39
36,40
36,41
36,42
36,43
36,44
36,65
36,66
36,67
36,68
36,69
36,70
36,71
36,72
36,73
36,97
36,98
36,99
36,100
36,101
36,102
36,103
36,131
37,654
37,681
37,682
37,683
37,684
37,685
37,686
37,687
37,710
37,711
37,712
37,713
37,714
37,715
37,716
37,717
37,718
37,739
37,740
37,741
37,742
37,743
37,744
37,745
37,746
37,747
37,763
37,764
37,765
37,766
37,767
37,768
37,769
37,770
37,771
37,784
37,785
37,786
37,787
37,788
37,789
37,790
37,791
37,792
37,793
37,794
37,802
37,803
37,804
37,805
37,806
37,815
37,816
37,817
37,818
37,827
37,828
37,829
37,838
37,839
37,840
37,850
38,223
38,249
38,250
38,251
38,252
38,253
38,254
38,255
38,277
38,278
38,279
38,280
38,281
38,282
38,283
38,306
38,307
38,308
38,309
38,310
38,311
38,312
38,336
38,337
38,338
38,339
38,340
38,341
38,342
38,364
38,365
38,366
38,367
38,368
38,369
38,370
38,371
38,395
38,396
38,397
38,398
38,399
38,400
38,401
38,427
38,428
38,429
38,430
38,431
38,432
38,460
38,461
38,462
38,463
38,464
38,465
38,491
38,492
38,493
38,494
38,521
39,200
39,223
39,224
39,225
39,226
39,227
39,228
39,229
39,251
39,252
39,253
39,254
39,255
39,256
39,257
39,258
39,259
39,278
39,279
39,280
39,281
39,282
39,283
39,284
39,285
39,286
39,307
39,308
39,309
39,310
39,311
39,312
39,313
39,314
39,315
39,336
39,337
39,338
39,339
39,340
39,341
39,342
39,343
39,344
39,345
39,346
39,365
39,366
39,367
39,368
39,369
39,370
39,371
39,372
39,373
39,396
39,397
39,398
39,399
39,400
39,401
39,402
39,403
39,404
39,427
39,428
39,429
39,430
39,431
39,432
39,433
39,434
39,435
39,461
39,462
39,463
39,464
39,465
39,466
39,467
39,494
40,10
40,11
40,26
40,27
40,28
40,29
40,30
40,31
40,32
40,51
40,52
40,53
40,54
40,55
40,56
40,57
40,58
40,59
40,82
40,83
40,84
40,85
40,86
40,87
40,88
40,89
40,90
40,112
40,113
40,114
40,115
40,116
40,117
40,118
40,119
40,120
40,121
40,122
40,142
40,143
40,144
40,145
40,146
40,147
40,148
40,149
40,150
40,169
40,170
40,171
40,172
40,173
40,174
40,175
40,176
40,177
40,196
40,197
40,198
40,199
40,200
40,201
40,202
40,203
40,204
40,223
40,224
40,225
40,226
40,227
40,228
40,229
40,255
41,687
41,714
41,715
41,716
41,717
41,718
41,719
41,720
41,742
41,743
41,744
41,745
41,746
41,747
41,748
41,749
41,750
41,766
41,767
41,768
41,769
41,770
41,771
41,772
41,773
41,774
41,788
41,789
41,790
41,791
41,792
41,793
41,794
41,795
41,796
41,803
41,804
41,805
41,806
41,807
41,808
41,809
41,810
41,815
41,816
41,817
41,818
41,819
41,820
41,821
41,827
41,828
41,829
41,830
41,831
41,832
41,838
41,839
41,840
41,841
41,842
41,843
41,844
41,850
41,851
41,852
41,853
41,854
41,855
41,856
41,865
42,451
42,481
42,482
42,483
42,484
42,485
42,486
42,487
42,510
42,511
42,512
42,513
42,514
42,515
42,516
42,517
42,518
42,540
42,541
42,542
42,543
42,544
42,545
42,546
42,547
42,548
42,570
42,571
42,572
42,573
42,574
42,575
42,576
42,577
42,578
42,600
42,601
42,602
42,603
42,604
42,605
42,606
42,607
42,608
42,609
42,610
42,632
42,633
42,634
42,635
42,636
42,637
42,638
42,639
42,640
42,663
42,664
42,665
42,666
42,667
42,668
42,669
42,670
42,671
42,693
42,694
42,695
42,696
42,697
42,698
42,699
42,700
42,701
42,724
42,725
42,726
42,727
42,728
42,729
42,730
42,756
43,411
43,439
43,440
43,441
43,442
43,443
43,444
43,445
43,471
43,472
43,473
43,474
43,475
43,476
43,477
43,478
43,479
43,501
43,502
43,503
43,504
43,505
43,506
43,507
43,508
43,509
43,531
43,532
43,533
43,534
43,535
43,536
43,537
43,538
43,539
43,560
43,561
43,562
43,563
43,564
43,565
43,566
43,567
43,568
43,569
43,570
43,592
43,593
43,594
43,595
43,596
43,597
43,598
43,599
43,600
43,623
43,624
43,625
43,626
43,627
43,628
43,629
43,630
43,631
43,654
43,655
43,656
43,657
43,658
43,659
43,660
43,661
43,662
43,685
43,686
43,687
43,688
43,689
43,690
43,691
43,718
44,390
44,419
44,420
44,421
44,422
44,423
44,424
44,449
44,450
44,451
44,452
44,453
44,454
44,455
44,456
44,457
44,482
44,483
44,484
44,485
44,486
44,487
44,488
44,489
44,490
44,512
44,513
44,514
44,515
44,516
44,517
44,518
44,519
44,520
44,541
44,542
44,543
44,544
44,545
44,546
44,547
44,548
44,549
44,550
44,572
44,573
44,574
44,575
44,576
44,577
44,578
44,579
44,580
44,603
44,604
44,605
44,606
44,607
44,608
44,609
44,610
44,611
44,634
44,635
44,636
44,637
44,638
44,639
44,640
44,641
44,642
44,666
44,667
44,668
44,669
44,670
44,671
44,672
44,699
45,351
45,376
45,377
45,378
45,379
45,380
45,381
45,382
45,406
45,407
45,408
45,409
45,410
45,411
45,412
45,413
45,414
45,437
45,438
45,439
45,440
45,441
45,442
45,443
45,444
45,445
45,470
45,471
45,472
45,473
45,474
45,475
45,476
45,477
45,478
45,499
45,500
45,501
45,502
45,503
45,504
45,505
45,506
45,507
45,508
45,509
45,530
45,531
45,532
45,533
45,534
45,535
45,536
45,537
45,538
45,560
45,561
45,562
45,563
45,564
45,565
45,566
45,567
45,568
45,591
45,592
45,593
45,594
45,595
45,596
45,597
45,598
45,599
45,623
45,624
45,625
45,626
45,627
45,628
45,629
45,657
46,565
46,593
46,594
46,595
46,596
46,597
46,598
46,599
46,623
46,624
46,625
46,626
46,627
46,628
46,629
46,630
46,631
46,654
46,655
46,656
46,657
46,658
46,659
46,660
46,661
46,662
46,684
46,685
46,686
46,687
46,688
46,689
46,690
46,691
46,692
46,713
46,714
46,715
46,716
46,717
46,718
46,719
46,720
46,721
46,722
46,723
46,743
46,744
46,745
46,746
46,747
46,748
46,749
46,750
46,751
46,767
46,768
46,769
46,770
46,771
46,772
46,773
46,774
46,775
46,789
46,790
46,791
46,792
46,793
46,794
46,795
46,796
46,797
46,803
46,804
46,805
46,806
46,807
46,808
46,809
46,818
47,40
47,64
47,65
47,66
47,67
47,68
47,69
47,70
47,94
47,95
47,96
47,97
47,98
47,99
47,100
47,101
47,102
47,125
47,126
47,127
47,128
47,129
47,130
47,131
47,132
47,133
47,154
47,155
47,156
47,157
47,158
47,159
47,160
47,161
47,162
47,180
47,181
47,182
47,183
47,184
47,185
47,186
47,187
47,188
47,189
47,190
47,208
47,209
47,210
47,211
47,212
47,213
47,214
47,215
47,216
47,234
47,235
47,236
47,237
47,238
47,239
47,240
47,241
47,242
47,263
47,264
47,265
47,266
47,267
47,268
47,269
47,270
47,271
47,291
47,292
47,293
47,294
47,295
47,296
47,297
47,323
48,278
48,306
48,307
48,308
48,309
48,310
48,336
48,337
48,338
48,339
48,340
48,341
48,364
48,365
48,366
48,367
48,368
48,369
48,395
48,396
48,397
48,398
48,399
48,400
48,427
48,428
48,429
48,430
48,431
48,432
48,460
48,461
48,462
48,463
48,464
48,491
48,492
48,493
48,494
48,521
48,522
48,523
48,524
48,551
48,552
48,553
49,746
49,767
49,768
49,769
49,770
49,771
49,772
49,773
49,788
49,789
49,790
49,791
49,792
49,793
49,794
49,795
49,796
49,803
49,804
49,805
49,806
49,807
49,808
49,809
49,815
49,816
49,817
49,818
49,819
49,820
49,821
49,827
49,828
49,829
49,830
49,831
49,832
49,833
49,838
49,839
49,840
49,841
49,842
49,843
49,844
49,850
49,851
49,852
49,853
49,854
49,855
49,856
49,857
49,862
49,863
49,864
49,865
49,866
49,867
49,868
49,869
49,874
49,875
49,876
49,877
49,878
49,879
49,880
50,693
50,720
50,721
50,722
50,723
50,724
50,725
50,726
50,748
50,749
50,750
50,751
50,752
50,753
50,754
50,755
50,756
50,772
50,773
50,774
50,775
50,776
50,777
50,778
50,779
50,780
50,794
50,795
50,796
50,797
50,798
50,799
50,800
50,801
50,806
50,807
50,808
50,809
50,810
50,811
50,812
50,813
50,814
50,819
50,820
50,821
50,822
50,823
50,824
50,825
50,826
50,830
50,831
50,832
50,833
50,834
50,835
50,836
50,837
50,842
50,843
50,844
50,845
50,846
50,847
50,848
50,849
50,856
50,857
50,858
50,859
50,860
50,861
50,871
51,266
51,290
51,291
51,292
51,293
51,294
51,295
51,296
51,318
51,319
51,320
51,321
51,322
51,323
51,324
51,325
51,326
51,348
51,349
51,350
51,351
51,352
51,353
51,354
51,355
51,356
51,376
51,377
51,378
51,379
51,380
51,381
51,382
51,383
51,384
51,406
51,407
51,408
51,409
51,410
51,411
51,412
51,413
51,414
51,415
51,416
51,438
51,439
51,440
51,441
51,442
51,443
51,444
51,445
51,446
51,471
51,472
51,473
51,474
51,475
51,476
51,477
51,478
51,479
51,501
51,502
51,503
51,504
51,505
51,506
51,507
51,508
51,509
51,532
51,533
51,534
51,535
51,536
51,537
51,538
51,565
52,3
52,4
52,5
52,6
52,12
52,13
52,14
52,15
52,16
52,17
52,18
52,31
52,32
52,33
52,34
52,35
52,36
52,37
52,56
52,57
52,58
52,59
52,60
52,61
52,62
52,63
52,64
52,87
52,88
52,89
52,90
52,91
52,92
52,93
52,94
52,95
52,119
52,120
52,121
52,122
52,123
52,124
52,125
52,151
53,523
53,551
53,552
53,553
53,554
53,555
53,556
53,582
53,583
53,584
53,585
53,586
53,587
53,588
53,613
53,614
53,615
53,616
53,617
53,618
53,619
53,645
53,646
53,647
53,648
53,649
53,650
53,676
53,677
53,678
53,679
53,680
53,681
53,707
53,708
53,709
53,710
53,737
53,738
53,739
53,762
53,763
53,784
54,242
54,268
54,269
54,270
54,271
54,272
54,273
54,274
54,294
54,295
54,296
54,297
54,298
54,299
54,300
54,301
54,302
54,323
54,324
54,325
54,326
54,327
54,328
54,329
54,330
54,353
54,354
54,355
54,356
54,357
54,358
54,359
54,360
54,380
54,381
54,382
54,383
54,384
54,385
54,386
54,387
54,388
54,389
54,412
54,413
54,414
54,415
54,416
54,417
54,418
54,419
54,420
54,443
54,444
54,445
54,446
54,447
54,448
54,449
54,450
54,451
54,476
54,477
54,478
54,479
54,480
54,481
54,482
54,483
54,484
54,507
54,508
54,509
54,510
54,511
54,512
54,513
54,540
55,227
55,253
55,254
55,255
55,256
55,257
55,258
55,259
55,279
55,280
55,281
55,282
55,283
55,284
55,285
55,286
55,287
55,308
55,309
55,310
55,311
55,312
55,313
55,314
55,315
55,316
55,338
55,339
55,340
55,341
55,342
55,343
55,344
55,345
55,346
55,365
55,366
55,367
55,368
55,369
55,370
55,371
55,372
55,373
55,374
55,375
55,397
55,398
55,399
55,400
55,401
55,402
55,403
55,404
55,405
55,428
55,429
55,430
55,431
55,432
55,433
55,434
55,435
55,436
55,461
55,462
55,463
55,464
55,465
55,466
55,467
55,468
55,469
55,492
55,493
55,494
55,495
55,496
55,497
55,498
55,525
56,494
56,521
56,522
56,523
56,524
56,525
56,526
56,527
56,551
56,552
56,553
56,554
56,555
56,556
56,557
56,558
56,582
56,583
56,584
56,585
56,586
56,587
56,588
56,589
56,613
56,614
56,615
56,616
56,617
56,618
56,619
56,620
56,645
56,646
56,647
56,648
56,649
56,650
56,651
56,652
56,676
56,677
56,678
56,679
56,680
56,681
56,707
56,708
56,709
56,710
56,711
56,737
56,738
56,739
56,740
56,762
56,763
57,35
57,59
57,60
57,61
57,62
57,63
57,64
57,65
57,89
57,90
57,91
57,92
57,93
57,94
57,95
57,96
57,97
57,120
57,121
57,122
57,123
57,124
57,125
57,126
57,127
57,128
57,149
57,150
57,151
57,152
57,153
57,154
57,155
57,156
57,157
57,175
57,176
57,177
57,178
57,179
57,180
57,181
57,182
57,183
57,184
57,185
57,203
57,204
57,205
57,206
57,207
57,208
57,209
57,210
57,211
57,229
57,230
57,231
57,232
57,233
57,234
57,235
57,236
57,237
57,258
57,259
57,260
57,261
57,262
57,263
57,264
57,265
57,266
57,286
57,287
57,288
57,289
57,290
57,291
57,292
57,318
58,518
58,519
58,520
58,547
58,548
58,549
58,550
58,577
58,578
58,579
58,580
58,581
58,608
58,609
58,610
58,611
58,612
58,638
58,639
58,640
58,641
58,642
58,643
58,644
58,670
58,671
58,672
58,673
58,674
58,675
58,700
58,701
58,702
58,703
58,704
58,705
58,706
58,730
58,731
58,732
58,733
58,734
58,735
58,736
58,760
58,761
59,342
59,367
59,368
59,369
59,370
59,371
59,372
59,373
59,397
59,398
59,399
59,400
59,401
59,402
59,403
59,404
59,405
59,428
59,429
59,430
59,431
59,432
59,433
59,434
59,435
59,436
59,461
59,462
59,463
59,464
59,465
59,466
59,467
59,468
59,469
59,491
59,492
59,493
59,494
59,495
59,496
59,497
59,498
59,499
59,500
59,521
59,522
59,523
59,524
59,525
59,526
59,527
59,528
59,529
59,551
59,552
59,553
59,554
59,555
59,556
59,557
59,558
59,559
59,582
59,583
59,584
59,585
59,586
59,587
59,588
59,589
59,590
59,614
59,615
59,616
59,617
59,618
59,619
59,620
59,648
60,8
60,9
60,22
60,23
60,24
60,25
60,42
60,43
60,44
60,45
60,46
60,47
60,68
60,69
60,70
60,71
60,72
60,73
60,74
60,75
60,76
60,77
60,78
60,100
60,101
60,102
60,103
60,104
60,105
60,106
60,107
60,108
60,131
60,132
60,133
60,134
60,135
60,136
60,137
60,160
60,161
60,162
60,163
60,164
60,165
60,188
60,189
60,190
60,191
60,192
60,193
60,218
61,530
61,557
61,558
61,559
61,560
61,561
61,562
61,563
61,587
61,588
61,589
61,590
61,591
61,592
61,593
61,594
61,595
61,618
61,619
61,620
61,621
61,622
61,623
61,624
61,625
61,626
61,649
61,650
61,651
61,652
61,653
61,654
61,655
61,656
61,657
61,678
61,679
61,680
61,681
61,682
61,683
61,684
61,685
61,686
61,687
61,688
61,709
61,710
61,711
61,712
61,713
61,714
61,715
61,716
61,717
61,738
61,739
61,740
61,741
61,742
61,743
61,744
61,745
61,746
61,762
61,763
61,764
61,765
61,766
61,767
61,768
61,769
61,770
61,785
61,786
61,787
61,788
61,789
61,790
61,791
62,98
62,126
62,127
62,128
62,129
62,130
62,131
62,132
62,154
62,155
62,156
62,157
62,158
62,159
62,160
62,161
62,162
62,181
62,182
62,183
62,184
62,185
62,186
62,187
62,188
62,189
62,208
62,209
62,210
62,211
62,212
62,213
62,214
62,215
62,216
62,233
62,234
62,235
62,236
62,237
62,238
62,239
62,240
62,241
62,242
62,243
62,263
62,264
62,265
62,266
62,267
62,268
62,269
62,270
62,271
62,290
62,291
62,292
62,293
62,294
62,295
62,296
62,297
62,298
62,319
62,320
62,321
62,322
62,323
62,324
62,325
62,326
62,327
62,350
62,351
62,352
62,353
62,354
62,355
62,356
62,381
63,0
63,1
63,4
63,5
63,6
63,7
63,12
63,13
63,14
63,15
63,16
63,17
63,18
63,19
63,20
63,21
63,22
63,33
63,34
63,35
63,36
63,37
63,38
63,39
63,40
63,41
63,60
63,61
63,62
63,63
63,64
63,65
63,66
63,67
63,68
63,91
63,92
63,93
63,94
63,95
63,96
63,97
63,98
63,99
63,123
63,124
63,125
63,126
63,127
63,128
63,129
63,155
64,199
64,222
64,223
64,224
64,225
64,226
64,227
64,228
64,250
64,251
64,252
64,253
64,254
64,255
64,256
64,257
64,258
64,277
64,278
64,279
64,280
64,281
64,282
64,283
64,284
64,285
64,306
64,307
64,308
64,309
64,310
64,311
64,312
64,313
64,314
64,336
64,337
64,338
64,339
64,340
64,341
64,342
64,343
64,344
64,345
64,364
64,365
64,366
64,367
64,368
64,369
64,370
64,371
64,372
64,395
64,396
64,397
64,398
64,399
64,400
64,401
64,402
64,403
64,427
64,428
64,429
64,430
64,431
64,432
64,433
64,434
64,460
64,461
64,462
64,463
64,464
64,465
64,466
64,493
65,723
65,749
65,750
65,751
65,752
65,753
65,754
65,755
65,772
65,773
65,774
65,775
65,776
65,777
65,778
65,779
65,780
65,794
65,795
65,796
65,797
65,798
65,799
65,800
65,801
65,807
65,808
65,809
65,810
65,811
65,812
65,813
65,814
65,818
65,819
65,820
65,821
65,822
65,823
65,824
65,825
65,826
65,830
65,831
65,832
65,833
65,834
65,835
65,836
65,837
65,842
65,843
65,844
65,845
65,846
65,847
65,848
65,849
65,855
65,856
65,857
65,858
65,859
65,860
65,861
65,868
65,869
65,870
65,871
65,872
66,297
66,323
66,324
66,325
66,326
66,327
66,328
66,329
66,352
66,353
66,354
66,355
66,356
66,357
66,358
66,359
66,360
66,380
66,381
66,382
66,383
66,384
66,385
66,386
66,387
66,388
66,411
66,412
66,413
66,414
66,415
66,416
66,417
66,418
66,419
66,441
66,442
66,443
66,444
66,445
66,446
66,447
66,448
66,449
66,450
66,451
66,475
66,476
66,477
66,478
66,479
66,480
66,481
66,482
66,483
66,505
66,506
66,507
66,508
66,509
66,510
66,511
66,512
66,513
66,535
66,536
66,537
66,538
66,539
66,540
66,541
66,542
66,543
66,566
66,567
66,568
66,569
66,570
66,571
66,572
66,600
67,127
67,153
67,154
67,155
67,156
67,157
67,158
67,159
67,179
67,180
67,181
67,182
67,183
67,184
67,185
67,186
67,187
67,206
67,207
67,208
67,209
67,210
67,211
67,212
67,213
67,214
67,232
67,233
67,234
67,235
67,236
67,237
67,238
67,239
67,240
67,260
67,261
67,262
67,263
67,264
67,265
67,266
67,267
67,268
67,269
67,270
67,288
67,289
67,290
67,291
67,292
67,293
67,294
67,295
67,296
67,317
67,318
67,319
67,320
67,321
67,322
67,323
67,324
67,325
67,347
67,348
67,349
67,350
67,351
67,352
67,353
67,354
67,355
67,376
67,377
67,378
67,379
67,380
67,381
67,382
67,410
68,280
68,306
68,307
68,308
68,309
68,310
68,311
68,312
68,336
68,337
68,338
68,339
68,340
68,341
68,342
68,343
68,364
68,365
68,366
68,367
68,368
68,369
68,370
68,371
68,395
68,396
68,397
68,398
68,399
68,400
68,401
68,402
68,427
68,428
68,429
68,430
68,431
68,432
68,433
68,434
68,460
68,461
68,462
68,463
68,464
68,465
68,466
68,491
68,492
68,493
68,494
68,495
68,496
68,521
68,522
68,523
68,524
68,525
68,526
68,551
68,552
68,553
68,554
68,555
68,583
69,467
69,494
69,495
69,496
69,497
69,498
69,499
69,500
69,523
69,524
69,525
69,526
69,527
69,528
69,529
69,530
69,531
69,553
69,554
69,555
69,556
69,557
69,558
69,559
69,560
69,561
69,584
69,585
69,586
69,587
69,588
69,589
69,590
69,591
69,592
69,614
69,615
69,616
69,617
69,618
69,619
69,620
69,621
69,622
69,623
69,624
69,646
69,647
69,648
69,649
69,650
69,651
69,652
69,653
69,654
69,676
69,677
69,678
69,679
69,680
69,681
69,682
69,683
69,684
69,707
69,708
69,709
69,710
69,711
69,712
69,713
69,714
69,737
69,738
69,739
69,740
69,741
69,742
69,763
70,621
70,649
70,650
70,651
70,652
70,653
70,654
70,655
70,678
70,679
70,680
70,681
70,682
70,683
70,684
70,685
70,686
70,708
70,709
70,710
70,711
70,712
70,713
70,714
70,715
70,716
70,737
70,738
70,739
70,740
70,741
70,742
70,743
70,744
70,745
70,762
70,763
70,764
70,765
70,766
70,767
70,768
70,769
70,770
70,784
70,785
70,786
70,787
70,788
70,789
70,790
70,791
70,802
70,803
70,804
70,815
70,816
71,572
71,600
71,601
71,602
71,603
71,604
71,605
71,606
71,630
71,631
71,632
71,633
71,634
71,635
71,636
71,637
71,638
71,661
71,662
71,663
71,664
71,665
71,666
71,667
71,668
71,669
71,691
71,692
71,693
71,694
71,695
71,696
71,697
71,698
71,699
71,720
71,721
71,722
71,723
71,724
71,725
71,726
71,727
71,728
71,729
71,730
71,750
71,751
71,752
71,753
71,754
71,755
71,756
71,757
71,758
71,774
71,775
71,776
71,777
71,778
71,779
71,780
71,781
71,782
71,796
71,797
71,798
71,799
71,800
71,801
71,810
71,811
71,812
71,813
71,814
71,825
72,62
72,90
72,91
72,92
72,93
72,94
72,95
72,96
72,120
72,121
72,122
72,123
72,124
72,125
72,126
72,127
72,128
72,149
72,150
72,151
72,152
72,153
72,154
72,155
72,156
72,157
72,176
72,177
72,178
72,179
72,180
72,181
72,182
72,183
72,184
72,202
72,203
72,204
72,205
72,206
72,207
72,208
72,209
72,210
72,211
72,212
72,229
72,230
72,231
72,232
72,233
72,234
72,235
72,236
72,237
72,258
72,259
72,260
72,261
72,262
72,263
72,264
72,265
72,266
72,285
72,286
72,287
72,288
72,289
72,290
72,291
72,292
72,293
72,315
72,316
72,317
72,318
72,319
72,320
72,321
72,348
73,232
73,258
73,259
73,260
73,261
73,262
73,263
73,264
73,284
73,285
73,286
73,287
73,288
73,289
73,290
73,291
73,292
73,313
73,314
73,315
73,316
73,317
73,318
73,319
73,320
73,321
73,343
73,344
73,345
73,346
73,347
73,348
73,349
73,350
73,351
73,370
73,371
73,372
73,373
73,374
73,375
73,376
73,377
73,378
73,379
73,380
73,402
73,403
73,404
73,405
73,406
73,407
73,408
73,409
73,410
73,433
73,434
73,435
73,436
73,437
73,438
73,439
73,440
73,441
73,466
73,467
73,468
73,469
73,470
73,471
73,472
73,473
73,474
73,497
73,498
73,499
73,500
73,501
73,502
73,503
73,530
74,171
74,195
74,196
74,197
74,198
74,199
74,200
74,201
74,220
74,221
74,222
74,223
74,224
74,225
74,226
74,227
74,228
74,249
74,250
74,251
74,252
74,253
74,254
74,255
74,256
74,257
74,277
74,278
74,279
74,280
74,281
74,282
74,283
74,284
74,306
74,307
74,308
74,309
74,310
74,311
74,312
74,313
74,314
74,336
74,337
74,338
74,339
74,340
74,341
74,342
74,343
74,364
74,365
74,366
74,367
74,368
74,369
74,370
74,371
74,395
74,396
74,397
74,398
74,399
74,400
74,401
74,402
74,427
74,428
74,429
74,430
74,431
74,432
74,462
75,456
75,486
75,487
75,488
75,489
75,490
75,515
75,516
75,517
75,518
75,519
75,520
75,545
75,546
75,547
75,548
75,549
75,550
75,575
75,576
75,577
75,578
75,579
75,580
75,581
75,605
75,606
75,607
75,608
75,609
75,610
75,611
75,612
75,637
75,638
75,639
75,640
75,641
75,642
75,643
75,644
75,668
75,669
75,670
75,671
75,672
75,673
75,674
75,675
75,698
75,699
75,700
75,701
75,702
75,703
75,704
75,705
75,706
75,729
75,730
75,731
75,732
75,733
75,734
75,735
75,761
76,485
76,512
76,513
76,514
76,515
76,516
76,517
76,518
76,541
76,542
76,543
76,544
76,545
76,546
76,547
76,548
76,549
76,571
76,572
76,573
76,574
76,575
76,576
76,577
76,578
76,579
76,602
76,603
76,604
76,605
76,606
76,607
76,608
76,609
76,610
76,632
76,633
76,634
76,635
76,636
76,637
76,638
76,639
76,640
76,641
76,642
76,664
76,665
76,666
76,667
76,668
76,669
76,670
76,671
76,672
76,694
76,695
76,696
76,697
76,698
76,699
76,700
76,701
76,702
76,724
76,725
76,726
76,727
76,728
76,729
76,730
76,731
76,732
76,754
76,755
76,756
76,757
76,758
76,759
76,760
76,781
77,827
77,828
77,838
77,839
77,840
77,841
77,850
77,851
77,852
77,853
77,854
77,862
77,863
77,864
77,865
77,866
77,873
77,874
77,875
77,876
77,877
77,878
77,879
78,16
78,33
78,34
78,35
78,36
78,37
78,38
78,39
78,59
78,60
78,61
78,62
78,63
78,64
78,65
78,66
78,67
78,90
78,91
78,92
78,93
78,94
78,95
78,96
78,97
78,98
78,121
78,122
78,123
78,124
78,125
78,126
78,127
78,128
78,129
78,149
78,150
78,151
78,152
78,153
78,154
78,155
78,156
78,157
78,158
78,159
78,177
78,178
78,179
78,180
78,181
78,182
78,183
78,184
78,185
78,204
78,205
78,206
78,207
78,208
78,209
78,210
78,211
78,212
78,230
78,231
78,232
78,233
78,234
78,235
78,236
78,237
78,238
78,260
78,261
78,262
78,263
78,264
78,265
78,266
78,290
79,101
79,129
79,130
79,131
79,132
79,133
79,134
79,135
79,157
79,158
79,159
79,160
79,161
79,162
79,163
79,164
79,165
79,184
79,185
79,186
79,187
79,188
79,189
79,190
79,191
79,192
79,211
79,212
79,213
79,214
79,215
79,216
79,217
79,218
79,219
79,236
79,237
79,238
79,239
79,240
79,241
79,242
79,243
79,244
79,245
79,266
79,267
79,268
79,269
79,270
79,271
79,272
79,273
79,274
79,293
79,294
79,295
79,296
79,297
79,298
79,299
79,300
79,301
79,322
79,323
79,324
79,325
79,326
79,327
79,328
79,329
79,330
79,353
79,354
79,355
79,356
79,357
79,358
79,359
79,384
80,546
80,573
80,574
80,575
80,576
80,577
80,578
80,579
80,603
80,604
80,605
80,606
80,607
80,608
80,609
80,610
80,611
80,634
80,635
80,636
80,637
80,638
80,639
80,640
80,641
80,642
80,665
80,666
80,667
80,668
80,669
80,670
80,671
80,672
80,673
80,694
80,695
80,696
80,697
80,698
80,699
80,700
80,701
80,702
80,703
80,704
80,725
80,726
80,727
80,728
80,729
80,730
80,731
80,732
80,733
80,754
80,755
80,756
80,757
80,758
80,759
80,760
80,761
80,778
80,779
80,780
80,781
80,782
80,783
80,801
81,660
81,687
81,688
81,689
81,690
81,691
81,692
81,693
81,716
81,717
81,718
81,719
81,720
81,721
81,722
81,723
81,724
81,745
81,746
81,747
81,748
81,749
81,750
81,751
81,752
81,753
81,769
81,770
81,771
81,772
81,773
81,774
81,775
81,776
81,777
81,790
81,791
81,792
81,793
81,794
81,795
81,796
81,797
81,798
81,799
81,800
81,804
81,805
81,806
81,807
81,808
81,809
81,810
81,811
81,812
81,816
81,817
81,818
81,819
81,820
81,821
81,822
81,823
81,824
81,827
81,828
81,829
81,830
81,831
81,832
81,833
81,834
81,835
81,840
81,841
81,842
81,843
81,844
81,845
81,846
81,856
82,568
82,596
82,597
82,598
82,599
82,600
82,601
82,602
82,626
82,627
82,628
82,629
82,630
82,631
82,632
82,633
82,634
82,657
82,658
82,659
82,660
82,661
82,662
82,663
82,664
82,665
82,687
82,688
82,689
82,690
82,691
82,692
82,693
82,694
82,695
82,716
82,717
82,718
82,719
82,720
82,721
82,722
82,723
82,724
82,725
82,726
82,746
82,747
82,748
82,749
82,750
82,751
82,752
82,753
82,754
82,770
82,771
82,772
82,773
82,774
82,775
82,776
82,777
82,778
82,792
82,793
82,794
82,795
82,796
82,797
82,798
82,799
82,800
82,806
82,807
82,808
82,809
82,810
82,811
82,812
82,821
83,373
83,401
83,402
83,403
83,404
83,405
83,406
83,407
83,431
83,432
83,433
83,434
83,435
83,436
83,437
83,438
83,439
83,464
83,465
83,466
83,467
83,468
83,469
83,470
83,471
83,472
83,494
83,495
83,496
83,497
83,498
83,499
83,500
83,501
83,502
83,523
83,524
83,525
83,526
83,527
83,528
83,529
83,530
83,531
83,532
83,533
83,554
83,555
83,556
83,557
83,558
83,559
83,560
83,561
83,562
83,585
83,586
83,587
83,588
83,589
83,590
83,591
83,592
83,593
83,616
83,617
83,618
83,619
83,620
83,621
83,622
83,623
83,624
83,648
83,649
83,650
83,651
83,652
83,653
83,654
83,681
84,54
84,55
84,56
84,57
84,58
84,59
84,60
84,84
84,85
84,86
84,87
84,88
84,89
84,90
84,91
84,92
84,115
84,116
84,117
84,118
84,119
84,120
84,121
84,122
84,123
84,144
84,145
84,146
84,147
84,148
84,149
84,150
84,151
84,152
84,170
84,171
84,172
84,173
84,174
84,175
84,176
84,177
84,178
84,179
84,180
84,198
84,199
84,200
84,201
84,202
84,203
84,204
84,205
84,206
84,224
84,225
84,226
84,227
84,228
84,229
84,230
84,231
84,232
84,253
84,254
84,255
84,256
84,257
84,258
84,259
84,260
84,261
84,281
84,282
84,283
84,284
84,285
84,286
84,287
84,313
85,311
85,338
85,339
85,340
85,341
85,342
85,343
85,344
85,365
85,366
85,367
85,368
85,369
85,370
85,371
85,372
85,373
85,396
85,397
85,398
85,399
85,400
85,401
85,402
85,403
85,404
85,427
85,428
85,429
85,430
85,431
85,432
85,433
85,434
85,435
85,460
85,461
85,462
85,463
85,464
85,465
85,466
85,467
85,468
85,469
85,491
85,492
85,493
85,494
85,495
85,496
85,497
85,498
85,521
85,522
85,523
85,524
85,525
85,526
85,527
85,528
85,551
85,552
85,553
85,554
85,555
85,556
85,557
85,558
85,582
85,583
85,584
85,585
85,586
85,587
85,588
85,616
86,470
86,497
86,498
86,499
86,500
86,501
86,502
86,503
86,526
86,527
86,528
86,529
86,530
86,531
86,532
86,533
86,534
86,556
86,557
86,558
86,559
86,560
86,561
86,562
86,563
86,564
86,587
86,588
86,589
86,590
86,591
86,592
86,593
86,594
86,595
86,617
86,618
86,619
86,620
86,621
86,622
86,623
86,624
86,625
86,626
86,627
86,649
86,650
86,651
86,652
86,653
86,654
86,655
86,656
86,657
86,679
86,680
86,681
86,682
86,683
86,684
86,685
86,686
86,687
86,709
86,710
86,711
86,712
86,713
86,714
86,715
86,716
86,717
86,739
86,740
86,741
86,742
86,743
86,744
86,745
86,766
87,73
87,101
87,102
87,103
87,104
87,105
87,106
87,107
87,131
87,132
87,133
87,134
87,135
87,136
87,137
87,160
87,161
87,162
87,163
87,164
87,165
87,187
87,188
87,189
87,190
87,191
87,192
87,193
87,213
87,214
87,215
87,216
87,217
87,218
87,219
87,240
87,241
87,242
87,243
87,244
87,245
87,269
87,270
87,271
87,272
87,273
87,274
87,296
87,297
87,298
87,299
87,300
87,301
87,302
87,303
87,326
87,327
87,328
87,329
87,330
87,359
88,24
88,25
88,45
88,46
88,47
88,48
88,73
88,74
88,75
88,76
88,77
88,78
88,104
88,105
88,106
88,107
88,108
88,135
88,136
88,137
88,165
89,810
89,819
89,820
89,821
89,822
89,823
89,824
89,825
89,829
89,830
89,831
89,832
89,833
89,834
89,835
89,836
89,837
89,841
89,842
89,843
89,844
89,845
89,846
89,847
89,848
89,849
89,854
89,855
89,856
89,857
89,858
89,859
89,860
89,861
89,865
89,866
89,867
89,868
89,869
89,870
89,871
89,872
89,878
89,879
89,880
89,881
89,882
90,417
90,418
90,419
90,420
90,421
90,422
90,423
90,447
90,448
90,449
90,450
90,451
90,452
90,453
90,454
90,455
90,480
90,481
90,482
90,483
90,484
90,485
90,486
90,487
90,488
90,510
90,511
90,512
90,513
90,514
90,515
90,516
90,517
90,518
90,539
90,540
90,541
90,542
90,543
90,544
90,545
90,546
90,547
90,548
90,549
90,570
90,571
90,572
90,573
90,574
90,575
90,576
90,577
90,578
90,601
90,602
90,603
90,604
90,605
90,606
90,607
90,608
90,609
90,632
90,633
90,634
90,635
90,636
90,637
90,638
90,639
90,640
90,664
90,665
90,666
90,667
90,668
90,669
90,670
90,697
91,0
91,1
91,2
91,6
91,7
91,8
91,9
91,14
91,15
91,16
91,17
91,18
91,19
91,20
91,21
91,22
91,23
91,35
91,36
91,37
91,38
91,39
91,40
91,41
91,42
91,43
91,62
91,63
91,64
91,65
91,66
91,67
91,68
91,69
91,70
91,93
91,94
91,95
91,96
91,97
91,98
91,99
91,100
91,101
91,125
91,126
91,127
91,128
91,129
91,130
91,131
91,157
92,807
92,816
92,817
92,818
92,819
92,820
92,821
92,822
92,827
92,828
92,829
92,830
92,831
92,832
92,833
92,834
92,838
92,839
92,840
92,841
92,842
92,843
92,844
92,845
92,846
92,851
92,852
92,853
92,854
92,855
92,856
92,857
92,858
92,859
92,862
92,863
92,864
92,865
92,866
92,867
92,868
92,869
92,870
92,871
92,872
92,875
92,876
92,877
92,878
92,879
92,880
92,881
92,882
93,778
93,797
93,798
93,799
93,800
93,801
93,809
93,810
93,811
93,812
93,813
93,814
93,821
93,822
93,823
93,824
93,825
93,826
93,832
93,833
93,834
93,835
93,836
93,837
93,843
93,844
93,845
93,846
93,847
93,848
93,849
93,857
93,858
93,859
93,860
93,861
93,869
93,870
93,871
93,872
93,881
93,882
94,191
94,215
94,216
94,217
94,218
94,219
94,240
94,241
94,242
94,243
94,244
94,245
94,269
94,270
94,271
94,272
94,273
94,274
94,296
94,297
94,298
94,299
94,300
94,301
94,302
94,303
94,324
94,325
94,326
94,327
94,328
94,329
94,330
94,331
94,332
94,355
94,356
94,357
94,358
94,359
94,360
94,361
94,383
94,384
94,385
94,386
94,387
94,388
94,389
94,390
94,414
94,415
94,416
94,417
94,418
94,419
94,420
94,421
94,422
94,446
94,447
94,448
94,449
94,450
94,451
94,452
94,482
95,218
95,241
95,242
95,243
95,244
95,245
95,269
95,270
95,271
95,272
95,273
95,274
95,296
95,297
95,298
95,299
95,300
95,301
95,302
95,303
95,325
95,326
95,327
95,328
95,329
95,330
95,331
95,354
95,355
95,356
95,357
95,358
95,359
95,360
95,361
95,362
95,383
95,384
95,385
95,386
95,387
95,388
95,389
95,390
95,414
95,415
95,416
95,417
95,418
95,419
95,420
95,421
95,422
95,445
95,446
95,447
95,448
95,449
95,450
95,451
95,452
95,453
95,479
95,480
95,481
95,482
95,483
95,484
95,485
95,512
96,1
96,5
96,6
96,7
96,8
96,14
96,15
96,16
96,17
96,18
96,19
96,20
96,21
96,22
96,34
96,35
96,36
96,37
96,38
96,39
96,40
96,41
96,42
96,60
96,61
96,62
96,63
96,64
96,65
96,66
96,67
96,68
96,69
96,70
96,92
96,93
96,94
96,95
96,96
96,97
96,98
96,99
96,100
96,123
96,124
96,125
96,126
96,127
96,128
96,129
96,130
96,131
96,152
96,153
96,154
96,155
96,156
96,157
96,158
96,159
96,160
96,180
96,181
96,182
96,183
96,184
96,185
96,186
96,210
97,102
97,130
97,131
97,132
97,133
97,134
97,135
97,136
97,158
97,159
97,160
97,161
97,162
97,163
97,164
97,165
97,185
97,186
97,187
97,188
97,189
97,190
97,191
97,192
97,193
97,212
97,213
97,214
97,215
97,216
97,217
97,218
97,219
97,237
97,238
97,239
97,240
97,241
97,242
97,243
97,244
97,245
97,267
97,268
97,269
97,270
97,271
97,272
97,273
97,274
97,294
97,295
97,296
97,297
97,298
97,299
97,300
97,301
97,302
97,323
97,324
97,325
97,326
97,327
97,328
97,329
97,330
97,354
97,355
97,356
97,357
97,358
97,359
97,360
97,385
98,221
98,249
98,250
98,251
98,252
98,253
98,277
98,278
98,279
98,280
98,281
98,306
98,307
98,308
98,309
98,310
98,336
98,337
98,338
98,339
98,340
98,364
98,365
98,366
98,367
98,368
98,369
98,395
98,396
98,397
98,398
98,399
98,427
98,428
98,429
98,430
98,460
98,461
98,462
98,463
98,491
98,492
99,36
99,60
99,61
99,62
99,63
99,64
99,65
99,66
99,90
99,91
99,92
99,93
99,94
99,95
99,96
99,97
99,98
99,121
99,122
99,123
99,124
99,125
99,126
99,127
99,128
99,129
99,150
99,151
99,152
99,153
99,154
99,155
99,156
99,157
99,158
99,176
99,177
99,178
99,179
99,180
99,181
99,182
99,183
99,184
99,185
99,186
99,204
99,205
99,206
99,207
99,208
99,209
99,210
99,211
99,212
99,230
99,231
99,232
99,233
99,234
99,235
99,236
99,237
99,238
99,259
99,260
99,261
99,262
99,263
99,264
99,265
99,266
99,267
99,287
99,288
99,289
99,290
99,291
99,292
99,293
99,319
